,test,rt,response,rep,condition
0,1,1.3158412462304998,0,0,intact
1,1,1.9769736284972932,1,0,intact
2,1,1.1531383276830887,1,0,intact
3,1,1.0048061877629122,0,0,intact
4,1,2.989603683206816,0,0,intact
5,1,1.9493133655528083,1,0,intact
6,1,1.850158263643349,1,0,intact
7,1,0.9984354063278715,1,0,intact
8,1,1.6084261534070525,0,0,intact
9,1,1.4867821413620028,0,0,intact
10,1,1.0458261776280993,0,0,intact
11,1,1.444139902952641,0,0,intact
12,1,1.7829523396240363,1,0,intact
13,1,4.664295436391082,0,0,intact
14,1,0.9717587907350321,1,0,intact
15,1,1.4640595526150328,0,0,intact
16,1,1.0299213203450748,1,0,intact
17,1,3.614596787560467,0,0,intact
18,1,1.8346071322999848,0,0,intact
19,1,1.3468616870794534,0,0,intact
20,1,2.7619048338223506,1,0,intact
21,1,1.9306361439352833,1,0,intact
22,1,1.3907766259601895,1,0,intact
23,1,2.170292114032627,1,0,intact
24,1,2.4073831365543303,0,0,intact
25,1,1.2564970805422087,1,0,intact
26,1,1.3038146510447992,1,0,intact
27,1,2.060181777855302,0,0,intact
28,1,3.020886485553799,1,0,intact
29,1,1.8586631445671624,0,0,intact
30,1,3.270650116273512,1,0,intact
31,1,1.0753704604006056,1,0,intact
32,1,2.1337713770820548,1,0,intact
33,1,0.8614239568161797,1,0,intact
34,1,1.3377689561718102,1,0,intact
35,1,3.1817872956862963,0,0,intact
36,1,1.5137742459053538,1,0,intact
37,1,1.436084359207939,0,0,intact
38,1,1.7803356472792196,0,0,intact
39,1,1.9214344882070522,1,0,intact
40,1,1.7846943116066547,0,0,intact
41,1,1.8616242920614499,1,0,intact
42,1,1.8068983463448407,0,0,intact
43,1,1.7832923688820175,0,0,intact
44,1,1.841089571599806,0,0,intact
45,1,1.1354372764403184,1,0,intact
46,1,1.3520047883641342,1,0,intact
47,1,1.9674936199707262,1,0,intact
48,1,2.7661124174887095,0,0,intact
49,1,1.6786028720889405,0,0,intact
50,1,3.3274021821598745,1,0,intact
51,1,1.17603184926852,0,0,intact
52,1,4.784588197686579,1,0,intact
53,1,2.3077303217820018,1,0,intact
54,1,1.469311630796345,1,0,intact
55,1,0.8912694749042251,0,0,intact
56,1,1.329476668375377,1,0,intact
57,1,1.9358048223348123,0,0,intact
58,1,1.7971289592751472,0,0,intact
59,1,2.3454922263332056,0,0,intact
60,1,1.173882371262812,0,0,intact
61,1,2.1424731629194502,1,0,intact
62,1,2.03557321106773,0,0,intact
63,1,2.183008579632651,0,0,intact
64,1,1.0253421662831568,0,0,intact
65,1,1.7150850064390928,1,0,intact
66,1,8.616837326156459,1,0,intact
67,1,2.3349070483933403,1,0,intact
68,1,1.5735531185116698,1,0,intact
69,1,1.8219622925554113,0,0,intact
70,1,3.3063252222714996,0,0,intact
71,1,1.3300634208251603,0,0,intact
72,1,3.226557151236868,0,0,intact
73,1,1.2688168413097483,0,0,intact
74,1,1.1445548562417878,0,0,intact
75,1,1.263429188717422,0,0,intact
76,1,1.1022350235613505,1,0,intact
77,1,1.0924151141708471,0,0,intact
78,1,4.460874192120203,0,0,intact
79,1,1.392610318090011,1,0,intact
80,1,1.807757910060444,1,0,intact
81,1,0.8813942031042928,1,0,intact
82,1,1.57213209548729,0,0,intact
83,1,1.0451597705720197,0,0,intact
84,1,1.224468108273453,0,0,intact
85,1,1.0580796862145991,1,0,intact
86,1,1.0399509832129297,1,0,intact
87,1,1.8793057026956237,1,0,intact
88,1,3.1206258531060773,1,0,intact
89,1,3.3537451985320184,0,0,intact
90,1,2.0511818698764053,0,0,intact
91,1,0.7506995343861471,0,0,intact
92,1,2.652924334781326,0,0,intact
93,1,1.5615031746024055,0,0,intact
94,1,1.5112303615691014,0,0,intact
95,1,1.556408151742764,1,0,intact
96,1,1.4980697312537752,0,0,intact
97,1,1.4852415801649892,0,0,intact
98,1,2.5732791947800324,0,0,intact
99,1,1.3097348353857325,1,0,intact
100,1,1.4792589780879644,1,0,intact
101,1,2.707776720812398,1,0,intact
102,1,2.8659118357264854,1,0,intact
103,1,1.607444511926416,1,0,intact
104,1,1.3507184445210267,1,0,intact
105,1,3.601562833193043,0,0,intact
106,1,3.1402989879473435,1,0,intact
107,1,1.8602420964219681,0,0,intact
108,1,4.1785897020713625,0,0,intact
109,1,2.213104267196583,0,0,intact
110,1,2.7009683749425917,0,0,intact
111,1,1.1767882943287147,0,0,intact
112,1,1.8043455395166141,1,0,intact
113,1,1.7291163642816916,0,0,intact
114,1,2.028981804530414,1,0,intact
115,1,2.555572525865583,0,0,intact
116,1,1.8214798693887442,0,0,intact
117,1,1.6147805880680957,1,0,intact
118,1,0.9947226071315495,1,0,intact
119,1,2.026273979965983,1,0,intact
120,1,1.9033792535147136,1,0,intact
121,1,1.8431651322108842,1,0,intact
122,1,1.044881255439784,1,0,intact
123,1,0.7906272866908562,1,0,intact
124,1,1.3255560290492767,0,0,intact
125,1,2.913414870417747,1,0,intact
126,1,2.4672269775282714,0,0,intact
127,1,1.0672763892091146,0,0,intact
128,1,2.482777111008313,0,0,intact
129,1,2.134039910094589,0,0,intact
130,1,2.9283020094548,1,0,intact
131,1,1.3141027852084262,1,0,intact
132,1,2.108101986504091,0,0,intact
133,1,1.34942825654426,0,0,intact
134,1,1.4915659675893673,1,0,intact
135,1,1.3696941505765876,0,0,intact
136,1,1.0216414686602018,0,0,intact
137,1,1.6865808142891416,1,0,intact
138,1,2.270202713037943,0,0,intact
139,1,1.0651345150603313,1,0,intact
140,1,2.078327767657582,0,0,intact
141,1,1.6442645014846282,0,0,intact
142,1,1.279863103709383,0,0,intact
143,1,1.2438599447809582,0,0,intact
144,1,1.7759652555007044,1,0,intact
145,1,0.9996328613755003,1,0,intact
146,1,1.8826224545797379,0,0,intact
147,1,3.2144125918503406,1,0,intact
148,1,1.3106357823663506,1,0,intact
149,1,1.610214484054663,1,0,intact
150,1,1.4147062622163211,1,0,intact
151,1,2.915672389322089,1,0,intact
152,1,0.748865444518283,1,0,intact
153,1,1.9686383932979832,0,0,intact
154,1,1.0992171112238545,1,0,intact
155,1,1.5140217942061225,1,0,intact
156,1,0.8817075982165313,0,0,intact
157,1,1.6968850410343248,0,0,intact
158,1,1.4404762327070106,0,0,intact
159,1,3.8155935170070427,1,0,intact
160,1,1.1767238819175987,0,0,intact
161,1,1.2647403815922849,0,0,intact
162,1,3.7038468550654824,1,0,intact
163,1,3.2485617297263705,0,0,intact
164,1,1.6825301215142678,1,0,intact
165,1,2.749717191369146,0,0,intact
166,1,2.5215412392268957,1,0,intact
167,1,2.744907398120576,1,0,intact
168,1,0.8247509929180868,0,0,intact
169,1,1.2935751939961273,0,0,intact
170,1,3.8665850953837317,1,0,intact
171,1,1.6520998351287794,0,0,intact
172,1,2.251971473055255,1,0,intact
173,1,1.2156729794264698,1,0,intact
174,1,2.076250704757057,0,0,intact
175,1,1.1947158651106868,0,0,intact
176,1,3.351341539724382,1,0,intact
177,1,2.3107653228691354,0,0,intact
178,1,0.9259615990954091,0,0,intact
179,1,3.8701916013122117,0,0,intact
180,1,1.8621724680147291,0,0,intact
181,1,2.003909913806604,0,0,intact
182,1,1.8176909458811938,1,0,intact
183,1,1.1644774371098052,1,0,intact
184,1,1.6712249263219103,1,0,intact
185,1,2.3687225769075106,1,0,intact
186,1,1.0794035465305198,0,0,intact
187,1,1.196836865292882,1,0,intact
188,1,1.5128800593196023,1,0,intact
189,1,1.5463097689890606,1,0,intact
190,1,2.509291457672056,0,0,intact
191,1,2.7717137651843466,0,0,intact
192,1,1.8245176675241512,1,0,intact
193,1,2.9250880484441537,1,0,intact
194,1,1.870036648415849,1,0,intact
195,1,2.032303585965887,1,0,intact
196,1,2.391106696536862,1,0,intact
197,1,3.1408803980859554,1,0,intact
198,1,5.380686121679081,0,0,intact
199,1,2.4824171218639854,1,0,intact
200,1,3.061597093500446,1,0,intact
201,1,1.824171058312576,1,0,intact
202,1,2.640556590996242,1,0,intact
203,1,2.1494024567234176,1,0,intact
204,1,1.074671778331949,0,0,intact
205,1,0.7438356746748637,0,0,intact
206,1,1.2123537392112662,1,0,intact
207,1,1.2559603039370553,1,0,intact
208,1,1.948108883727607,0,0,intact
209,1,1.476364879350973,0,0,intact
210,1,2.3616716825129536,1,0,intact
211,1,1.1681452501327094,1,0,intact
212,1,2.1116913920584204,0,0,intact
213,1,1.7482257068960065,1,0,intact
214,1,1.5632536538575923,1,0,intact
215,1,1.987801054496044,0,0,intact
216,1,3.3556426292399713,1,0,intact
217,1,2.723713030458824,1,0,intact
218,1,1.3819910552674843,1,0,intact
219,1,2.4267757429780787,0,0,intact
220,1,1.1938900896981752,0,0,intact
221,1,2.2350431340232655,1,0,intact
222,1,1.858519284924468,1,0,intact
223,1,0.9269319300332792,1,0,intact
224,1,2.3228004185859565,0,0,intact
225,1,1.214594987013627,1,0,intact
226,1,2.558748354720722,1,0,intact
227,1,6.060498525823946,1,0,intact
228,1,1.8031437585469716,0,0,intact
229,1,1.7104553685252695,0,0,intact
230,1,1.0212306951153436,0,0,intact
231,1,2.0881051704129843,0,0,intact
232,1,2.6604915933565745,0,0,intact
233,1,3.1107198032370666,0,0,intact
234,1,2.994536299332367,1,0,intact
235,1,2.306306383547868,0,0,intact
236,1,2.0276190198356177,1,0,intact
237,1,2.166025734131329,1,0,intact
238,1,1.5413224750557444,1,0,intact
239,1,1.0147575742403399,1,0,intact
240,1,1.13381751033262,0,0,intact
241,1,3.450683183702719,0,0,intact
242,1,2.6211223797010295,1,0,intact
243,1,1.4236544935916793,0,0,intact
244,1,2.318086788784756,1,0,intact
245,1,4.0271847700005,0,0,intact
246,1,2.1051594042015207,1,0,intact
247,1,0.8606530923738956,0,0,intact
248,1,2.480096813550858,1,0,intact
249,1,1.6133758369738551,1,0,intact
250,1,3.0662750716099474,0,0,intact
251,1,1.382630818086592,0,0,intact
252,1,1.2670822629750114,0,0,intact
253,1,2.436492920277319,1,0,intact
254,1,1.9139416206972508,1,0,intact
255,1,2.786433937586072,0,0,intact
256,1,1.8103462535933654,0,0,intact
257,1,1.315006336397857,0,0,intact
258,1,1.8578849819564571,1,0,intact
259,1,2.5630537878322976,0,0,intact
260,1,1.2155963088686292,1,0,intact
261,1,2.254541266581586,0,0,intact
262,1,1.8112288582144154,1,0,intact
263,1,1.248291075652632,0,0,intact
264,1,1.8534930847173106,0,0,intact
265,1,2.5691467744958283,1,0,intact
266,1,2.3201336709982137,1,0,intact
267,1,1.1503456335218125,1,0,intact
268,1,1.1707302401958302,1,0,intact
269,1,2.473860598797299,0,0,intact
270,1,2.0917605548566947,0,0,intact
271,1,1.6592213486609515,1,0,intact
272,1,1.4626875188519148,1,0,intact
273,1,2.200109126910298,1,0,intact
274,1,1.602282418696928,0,0,intact
275,1,2.554278166887639,1,0,intact
276,1,2.2977161366451764,0,0,intact
277,1,2.3522611151644153,1,0,intact
278,1,4.151295729065708,1,0,intact
279,1,1.1893547012141195,0,0,intact
280,1,2.3032009664774207,1,0,intact
281,1,1.7882514887950551,1,0,intact
282,1,1.8225536382958076,1,0,intact
283,1,2.858583258157362,0,0,intact
284,1,1.7530852284935052,0,0,intact
285,1,2.1256287774575005,1,0,intact
286,1,3.364667690464543,1,0,intact
287,1,3.6700538203337936,1,0,intact
288,1,1.6186142040173217,1,0,intact
289,1,1.3392216108973176,0,0,intact
290,1,2.028821803298393,1,0,intact
291,1,0.9754781110554305,0,0,intact
292,1,1.4875367657759264,1,0,intact
293,1,2.865883765910713,1,0,intact
294,1,3.9082239992957635,1,0,intact
295,1,2.864047615371508,0,0,intact
296,1,2.458590021080476,1,0,intact
297,1,1.6698154353299535,0,0,intact
298,1,2.415261344516457,0,0,intact
299,1,0.8007334523021319,0,0,intact
300,1,2.2891961542839967,1,0,intact
301,1,2.2271796434702757,1,0,intact
302,1,1.6441151319184986,1,0,intact
303,1,0.9262486288759957,0,0,intact
304,1,0.5925351130858028,1,0,intact
305,1,1.323587176752882,0,0,intact
306,1,1.5762676040068795,0,0,intact
307,1,4.018150658670352,0,0,intact
308,1,1.6580516349897154,1,0,intact
309,1,1.3228653578648486,1,0,intact
310,1,2.1292725905255434,0,0,intact
311,1,4.09012913866577,0,0,intact
312,1,0.8607130199434675,1,0,intact
313,1,1.8073005892203096,1,0,intact
314,1,1.8685215064033744,0,0,intact
315,1,3.3924190018366756,0,0,intact
316,1,1.3109580407266381,0,0,intact
317,1,3.0902529265063494,1,0,intact
318,1,3.113207893618786,1,0,intact
319,1,1.800273134946944,1,0,intact
320,1,3.1047491038821358,1,0,intact
321,1,1.9983857108920948,1,0,intact
322,1,2.1977955430391245,0,0,intact
323,1,1.2203083940986692,1,0,intact
324,1,1.9771348906002126,1,0,intact
325,1,3.600566972399017,1,0,intact
326,1,1.517963238976079,0,0,intact
327,1,2.5930225493517662,1,0,intact
328,1,2.8335338996778376,0,0,intact
329,1,2.9293014117609455,1,0,intact
330,1,1.4488258949956894,0,0,intact
331,1,1.2051891192727888,1,0,intact
332,1,1.063780868397465,0,0,intact
333,1,1.8862844789022617,1,0,intact
334,1,2.616936955410329,1,0,intact
335,1,1.4280362563635123,0,0,intact
336,1,2.349266887792798,1,0,intact
337,1,2.1369098027637294,0,0,intact
338,1,1.2038443091640734,0,0,intact
339,1,1.5791360255404554,0,0,intact
340,1,1.7328191726645084,0,0,intact
341,1,1.3217823620276847,0,0,intact
342,1,1.3432819491048866,1,0,intact
343,1,2.852362146099171,0,0,intact
344,1,1.3294054807154092,0,0,intact
345,1,2.49357463631437,1,0,intact
346,1,1.9806558737507136,1,0,intact
347,1,2.4424945158745532,1,0,intact
348,1,1.7528994148372707,0,0,intact
349,1,2.251227540439801,1,0,intact
350,1,2.770807271558833,1,0,intact
351,1,1.2339107345566822,1,0,intact
352,1,2.531150762535834,1,0,intact
353,1,1.6467444763241135,1,0,intact
354,1,1.069788925500274,0,0,intact
355,1,2.847699157699993,1,0,intact
356,1,1.6232515369622413,0,0,intact
357,1,2.3019944205237084,1,0,intact
358,1,4.330391250889735,1,0,intact
359,1,1.102347788076472,1,0,intact
360,1,0.6367309180012187,0,0,intact
361,1,1.1173439239626772,1,0,intact
362,1,2.1484578520784803,1,0,intact
363,1,1.254994785135567,0,0,intact
364,1,2.0168782392865694,0,0,intact
365,1,1.600922573959705,1,0,intact
366,1,1.520187732705989,1,0,intact
367,1,3.3723067423204736,1,0,intact
368,1,0.6649824706602266,0,0,intact
369,1,1.9603324936183626,0,0,intact
370,1,1.1707964059997027,1,0,intact
371,1,1.1239468838029627,1,0,intact
372,1,2.5078115606096105,0,0,intact
373,1,1.203691554934549,0,0,intact
374,1,1.0526453313534643,0,0,intact
375,1,1.2472839158725058,1,0,intact
376,1,2.8641012189263506,1,0,intact
377,1,2.3762951541260517,1,0,intact
378,1,1.7298412933532379,1,0,intact
379,1,0.9908308529289114,0,0,intact
380,1,1.245953891889836,0,0,intact
381,1,1.9881645642610983,0,0,intact
382,1,3.2063178702900244,0,0,intact
383,1,2.343640667592003,0,0,intact
384,1,2.113024491713902,1,0,intact
385,1,2.1315974742937547,0,0,intact
386,1,1.360120612099258,1,0,intact
387,1,1.0582050012674833,0,0,intact
388,1,2.335862453419173,1,0,intact
389,1,1.693336969903538,0,0,intact
390,1,2.3306810638235103,0,0,intact
391,1,5.17550341989396,1,0,intact
392,1,1.5380611731174212,1,0,intact
393,1,1.315621986934843,1,0,intact
394,1,2.5275307601805888,1,0,intact
395,1,1.4519027739690462,1,0,intact
396,1,1.5361669968630214,1,0,intact
397,1,0.9804905409438706,0,0,intact
398,1,4.023109814082168,0,0,intact
399,1,1.921888105356728,1,0,intact
400,1,2.8854407067537915,0,0,intact
401,1,1.6595596063252498,0,0,intact
402,1,1.5304450144322193,0,0,intact
403,1,1.7870710010994464,0,0,intact
404,1,2.825619260401034,0,0,intact
405,1,1.9803486048804047,1,0,intact
406,1,2.2253049412853496,1,0,intact
407,1,2.59568303220844,1,0,intact
408,1,0.8623617551867626,0,0,intact
409,1,2.13956656925644,0,0,intact
410,1,1.2232069786512447,0,0,intact
411,1,1.7736470306169219,0,0,intact
412,1,2.363301876749963,0,0,intact
413,1,1.806275425809672,1,0,intact
414,1,0.9653674571342911,0,0,intact
415,1,1.146718169023919,0,0,intact
416,1,1.1566227148290282,0,0,intact
417,1,1.6300046845672642,0,0,intact
418,1,2.794900298714739,0,0,intact
419,1,1.042069981902316,0,0,intact
420,1,1.1194899389146007,0,0,intact
421,1,1.675563933493268,0,0,intact
422,1,1.3172165479344702,0,0,intact
423,1,2.8321998935401953,1,0,intact
424,1,4.105878819836158,1,0,intact
425,1,1.246340615071275,1,0,intact
426,1,3.290972380138564,0,0,intact
427,1,1.1025765282432654,0,0,intact
428,1,1.8161398992428568,0,0,intact
429,1,2.6605531619570835,1,0,intact
430,1,1.7320522786438852,0,0,intact
431,1,2.1974287855845356,0,0,intact
432,1,1.3042368149721006,1,0,intact
433,1,1.1515097027081496,0,0,intact
434,1,2.244069633968811,0,0,intact
435,1,2.6830968383607896,0,0,intact
436,1,1.6137085511755918,0,0,intact
437,1,2.9890871968640047,0,0,intact
438,1,3.8467578164315483,0,0,intact
439,1,2.446030181620259,0,0,intact
440,1,2.263655974176108,0,0,intact
441,1,0.9479455292364994,1,0,intact
442,1,1.5058347195746837,1,0,intact
443,1,2.5646979918887576,0,0,intact
444,1,2.459615277223315,0,0,intact
445,1,3.3053204098263413,1,0,intact
446,1,1.4121497071829565,1,0,intact
447,1,2.026071534316937,0,0,intact
448,1,1.0857749836006483,1,0,intact
449,1,1.5193995185051383,0,0,intact
450,1,1.059976875010182,1,0,intact
451,1,2.1766010392553854,0,0,intact
452,1,1.014201388313655,0,0,intact
453,1,2.471621594355562,1,0,intact
454,1,2.2901059853568753,0,0,intact
455,1,2.959308524943031,0,0,intact
456,1,2.5511923888062698,0,0,intact
457,1,2.125791960813007,1,0,intact
458,1,1.3827895682994975,0,0,intact
459,1,1.523529723516632,0,0,intact
460,1,1.1819631205786176,0,0,intact
461,1,1.371746560850265,1,0,intact
462,1,2.206216036572377,0,0,intact
463,1,0.9853105060847517,0,0,intact
464,1,2.527898182578734,1,0,intact
465,1,2.4014023164585305,1,0,intact
466,1,1.5045567557026416,0,0,intact
467,1,2.313446439707494,0,0,intact
468,1,1.6000825657410678,1,0,intact
469,1,3.2024472277397873,0,0,intact
470,1,1.2207071604810062,1,0,intact
471,1,0.7218192150023623,1,0,intact
472,1,2.261345817274538,1,0,intact
473,1,1.4743814088746314,1,0,intact
474,1,1.4239614850861722,1,0,intact
475,1,2.6014860122133285,1,0,intact
476,1,2.098179592867206,0,0,intact
477,1,1.5957156014882297,1,0,intact
478,1,1.3475677501187633,1,0,intact
479,1,1.908203438014228,0,0,intact
480,1,1.3041605026844205,0,0,intact
481,1,2.0953341032964734,1,0,intact
482,1,2.6673827634016476,1,0,intact
483,1,1.5217790624695153,1,0,intact
484,1,1.267155765280562,0,0,intact
485,1,2.9352812211163366,1,0,intact
486,1,2.325348118898912,1,0,intact
487,1,2.886478292221827,1,0,intact
488,1,1.396818100174124,0,0,intact
489,1,1.21956804657009,1,0,intact
490,1,1.6066505418469266,0,0,intact
491,1,1.6416977498618741,1,0,intact
492,1,1.182082386994566,0,0,intact
493,1,2.3964595470079764,0,0,intact
494,1,2.428738161455391,1,0,intact
495,1,7.411191609984632,0,0,intact
496,1,1.9241749542554218,1,0,intact
497,1,1.1561375384979764,1,0,intact
498,1,1.3562918794256378,0,0,intact
499,1,2.0237368950599732,1,0,intact
500,1,1.1538568332710444,1,0,intact
501,1,2.6106732629058844,1,0,intact
502,1,3.3468760300561193,0,0,intact
503,1,0.7594767728518972,0,0,intact
504,1,2.7419367045376557,0,0,intact
505,1,2.3555751119227155,1,0,intact
506,1,1.7929248621720735,1,0,intact
507,1,2.4510079738843125,1,0,intact
508,1,2.796027722709088,1,0,intact
509,1,2.03654607585967,0,0,intact
510,1,3.1384507806683266,1,0,intact
511,1,2.2616179923123636,1,0,intact
512,1,1.8141888642820894,1,0,intact
513,1,1.3839250266065508,1,0,intact
514,1,1.2032082504112434,1,0,intact
515,1,1.7210267692435077,0,0,intact
516,1,1.0663090921733815,0,0,intact
517,1,1.9234950972713978,1,0,intact
518,1,1.780606717235977,0,0,intact
519,1,1.337611072893475,1,0,intact
520,1,2.4463924754002093,1,0,intact
521,1,1.1030419231584294,1,0,intact
522,1,2.6221012725847306,1,0,intact
523,1,1.2543663491806376,0,0,intact
524,1,1.2415716891632202,0,0,intact
525,1,1.4388578514219796,0,0,intact
526,1,1.3884723291407681,1,0,intact
527,1,1.9766776113592484,0,0,intact
528,1,1.2251705137928273,1,0,intact
529,1,2.0222438722010216,0,0,intact
530,1,1.06333800121811,0,0,intact
531,1,2.962052527542424,1,0,intact
532,1,4.203435213662396,1,0,intact
533,1,1.4108953422541706,1,0,intact
534,1,1.800966374730585,1,0,intact
535,1,2.0602767045047266,0,0,intact
536,1,1.8190630457262282,0,0,intact
537,1,2.206605340864324,1,0,intact
538,1,1.3723918119067529,0,0,intact
539,1,1.6880256566202119,0,0,intact
540,1,2.6585308987707514,0,0,intact
541,1,1.0839520634523945,1,0,intact
542,1,1.22479342758906,0,0,intact
543,1,1.3617027985954293,1,0,intact
544,1,1.8920776976343427,0,0,intact
545,1,1.052196211416234,1,0,intact
546,1,0.9869147671429092,1,0,intact
547,1,1.2895207853651591,1,0,intact
548,1,3.9280925376263824,0,0,intact
549,1,1.3169529776454898,1,0,intact
550,1,2.8169858681444313,0,0,intact
551,1,1.2939853522597884,1,0,intact
552,1,2.3746192493698377,1,0,intact
553,1,2.8463140161143703,0,0,intact
554,1,3.4697093284396234,0,0,intact
555,1,1.6870812081350774,0,0,intact
556,1,1.4538422693589255,1,0,intact
557,1,2.673348344256617,1,0,intact
558,1,2.2157894285898267,1,0,intact
559,1,1.6591109236670711,0,0,intact
560,1,1.6157194678168554,1,0,intact
561,1,2.1582222234675905,1,0,intact
562,1,1.6600261584590295,1,0,intact
563,1,2.2405938263019927,0,0,intact
564,1,2.5909316107862215,1,0,intact
565,1,2.155368959994987,0,0,intact
566,1,1.2791678454624666,0,0,intact
567,1,2.742702331741253,0,0,intact
568,1,2.3730215561469024,0,0,intact
569,1,2.1237656008777677,1,0,intact
570,1,1.0417090110457148,1,0,intact
571,1,2.023552189276167,0,0,intact
572,1,1.6826423768669465,0,0,intact
573,1,3.562604634419573,1,0,intact
574,1,1.3091697055347562,0,0,intact
575,1,1.027357774819529,1,0,intact
576,1,2.4335290604301947,1,0,intact
577,1,2.2838328631132656,1,0,intact
578,1,2.0370612022902597,0,0,intact
579,1,2.7030958258444837,0,0,intact
580,1,2.1469391092807966,1,0,intact
581,1,1.8405034023703675,0,0,intact
582,1,1.4011151045251866,1,0,intact
583,1,1.1897973767085206,0,0,intact
584,1,2.4412280708322815,1,0,intact
585,1,2.26937792437291,0,0,intact
586,1,1.3650288404807873,1,0,intact
587,1,1.881074921914664,0,0,intact
588,1,1.421187152393646,0,0,intact
589,1,2.3558371644105387,0,0,intact
590,1,2.1360019021719783,1,0,intact
591,1,1.078894672392614,1,0,intact
592,1,1.5613646960301035,0,0,intact
593,1,3.244440731602417,1,0,intact
594,1,3.159729756358038,0,0,intact
595,1,0.9365506233482023,0,0,intact
596,1,1.9817078074552055,1,0,intact
597,1,2.3917464768040086,0,0,intact
598,1,1.5369727650395169,0,0,intact
599,1,1.3937941313165156,1,0,intact
600,1,2.193094283693451,0,0,intact
601,1,3.4996341494392227,1,0,intact
602,1,1.7502382619553005,0,0,intact
603,1,1.4674820968563764,0,0,intact
604,1,2.4227052499030237,1,0,intact
605,1,1.592344556054229,1,0,intact
606,1,1.3612082900978484,1,0,intact
607,1,1.618986135787744,1,0,intact
608,1,1.6163020011714093,1,0,intact
609,1,1.5885246100669408,0,0,intact
610,1,2.504168255956886,0,0,intact
611,1,1.782440361010699,1,0,intact
612,1,2.1588446206287033,0,0,intact
613,1,1.7797223151891228,0,0,intact
614,1,0.7059614374738172,1,0,intact
615,1,2.181239654690155,0,0,intact
616,1,2.412087102833081,0,0,intact
617,1,1.1155770373075502,0,0,intact
618,1,1.6135942178426106,1,0,intact
619,1,1.094039423152086,0,0,intact
620,1,1.0158682265263699,1,0,intact
621,1,1.8218131214754087,0,0,intact
622,1,1.202542605307167,0,0,intact
623,1,1.6567295380075833,0,0,intact
624,1,1.4531545180024532,0,0,intact
625,1,1.5893935016403964,0,0,intact
626,1,1.6146504346962218,1,0,intact
627,1,1.5580168455018253,0,0,intact
628,1,2.8350698899632913,1,0,intact
629,1,2.7638909571991888,0,0,intact
630,1,1.6488015577192976,0,0,intact
631,1,1.5903877235185024,0,0,intact
632,1,1.813706902440413,1,0,intact
633,1,4.5171164909956785,1,0,intact
634,1,0.8840764611742299,1,0,intact
635,1,2.8456956643098366,1,0,intact
636,1,3.137694626062617,0,0,intact
637,1,0.9643134024360328,1,0,intact
638,1,1.6589406977130963,0,0,intact
639,1,1.6966236328743403,1,0,intact
640,1,2.2193727610640157,1,0,intact
641,1,1.0818137050875807,1,0,intact
642,1,1.7292409946823495,0,0,intact
643,1,2.350268684870047,1,0,intact
644,1,1.7132701717282928,1,0,intact
645,1,1.5696532565879762,0,0,intact
646,1,1.6726860010988218,0,0,intact
647,1,1.2517701668339005,1,0,intact
648,1,1.627136049435943,0,0,intact
649,1,1.7057695747093577,0,0,intact
650,1,2.2462115480302467,1,0,intact
651,1,1.2782376479196713,1,0,intact
652,1,1.5610480764016106,1,0,intact
653,1,1.9789411176173939,0,0,intact
654,1,0.8439188208971389,0,0,intact
655,1,0.8627031216990433,1,0,intact
656,1,2.9020675019310027,1,0,intact
657,1,1.2217956548030438,1,0,intact
658,1,1.774135813849,0,0,intact
659,1,1.534046335362586,1,0,intact
660,1,1.835554385932983,1,0,intact
661,1,1.520593749734974,0,0,intact
662,1,1.8808375700183613,0,0,intact
663,1,1.4057252051634916,1,0,intact
664,1,1.558253914415057,0,0,intact
665,1,1.1856454485428418,0,0,intact
666,1,1.6693981814376386,0,0,intact
667,1,1.1460889562449608,1,0,intact
668,1,1.1401627798442902,0,0,intact
669,1,1.1899674190818326,0,0,intact
670,1,0.7465015280947367,0,0,intact
671,1,2.207216711142878,1,0,intact
672,1,2.507241964573553,1,0,intact
673,1,1.613689936586224,1,0,intact
674,1,3.1371871692349025,0,0,intact
675,1,2.6423956414125014,0,0,intact
676,1,1.3456908772355871,0,0,intact
677,1,0.8211475324246951,0,0,intact
678,1,1.7701857817957123,0,0,intact
679,1,2.0908330509638064,0,0,intact
680,1,1.319498040011494,1,0,intact
681,1,1.0346412198505577,0,0,intact
682,1,2.288055277792827,1,0,intact
683,1,1.5053578680700288,0,0,intact
684,1,0.7176017637649962,0,0,intact
685,1,1.949056404958707,0,0,intact
686,1,1.2027348384448255,1,0,intact
687,1,0.9177821430488656,0,0,intact
688,1,0.7915837915631578,1,0,intact
689,1,1.1011145781838996,1,0,intact
690,1,1.897222529345546,1,0,intact
691,1,3.33459082234639,1,0,intact
692,1,1.1832979398482641,0,0,intact
693,1,2.8814080498790915,1,0,intact
694,1,0.8165448804015201,1,0,intact
695,1,2.2880377143399966,1,0,intact
696,1,2.39183235233919,0,0,intact
697,1,2.6039736847637482,1,0,intact
698,1,2.977832290985244,0,0,intact
699,1,1.2164150343567226,1,0,intact
700,1,2.6492149663768743,0,0,intact
701,1,2.1533014594713964,0,0,intact
702,1,2.323335858139087,0,0,intact
703,1,2.2653950369480476,1,0,intact
704,1,2.669800294310642,0,0,intact
705,1,0.9895795736084901,1,0,intact
706,1,4.053191722867155,0,0,intact
707,1,1.7889680609264633,1,0,intact
708,1,2.0662935900277,1,0,intact
709,1,2.467116802081591,0,0,intact
710,1,1.7112309836673707,0,0,intact
711,1,3.1106381165593944,1,0,intact
712,1,2.1585500752400484,1,0,intact
713,1,4.802755112025186,1,0,intact
714,1,1.873473035620905,0,0,intact
715,1,2.0678445403074432,1,0,intact
716,1,1.7474126600529534,0,0,intact
717,1,0.8843602624764111,0,0,intact
718,1,2.085723107273287,1,0,intact
719,1,2.5339745314409616,1,0,intact
720,1,1.3378677120120768,0,0,intact
721,1,1.3752123714664426,0,0,intact
722,1,2.1309049613013946,0,0,intact
723,1,2.3474517411348383,0,0,intact
724,1,1.1848226001411222,1,0,intact
725,1,1.5016774433568085,1,0,intact
726,1,3.1507795940343617,1,0,intact
727,1,1.9729600017885225,0,0,intact
728,1,1.3919249050415814,0,0,intact
729,1,1.029822941408568,0,0,intact
730,1,2.2980583558199377,1,0,intact
731,1,0.7139221696553238,1,0,intact
732,1,1.187851101403397,0,0,intact
733,1,1.7490705734211514,1,0,intact
734,1,2.1333686521446706,0,0,intact
735,1,1.511997468593482,1,0,intact
736,1,1.5461638734138443,1,0,intact
737,1,1.4422791730340379,0,0,intact
738,1,1.5189867206101673,0,0,intact
739,1,2.1583735584344352,1,0,intact
740,1,1.028071367739466,1,0,intact
741,1,3.6825591685084818,0,0,intact
742,1,0.9303710986938724,1,0,intact
743,1,2.202023533434771,0,0,intact
744,1,1.8281689375958166,1,0,intact
745,1,0.9303192583076278,1,0,intact
746,1,0.8188987212208099,1,0,intact
747,1,2.416182958008323,0,0,intact
748,1,2.125297896481184,0,0,intact
749,1,1.0646073098335516,1,0,intact
750,1,2.024967412027559,1,0,intact
751,1,1.3248234596275517,0,0,intact
752,1,1.3639606083827112,0,0,intact
753,1,2.100542574494107,0,0,intact
754,1,2.588565691997772,0,0,intact
755,1,1.57765598621887,0,0,intact
756,1,1.6127805828818904,0,0,intact
757,1,1.9060332268724354,1,0,intact
758,1,5.237365410599698,1,0,intact
759,1,0.8320380890261357,0,0,intact
760,1,2.303808160574866,0,0,intact
761,1,2.052593228728133,0,0,intact
762,1,2.22785230196173,1,0,intact
763,1,0.807426339965064,0,0,intact
764,1,3.1069249364156466,0,0,intact
765,1,0.9174466555960222,0,0,intact
766,1,2.0533238414562325,0,0,intact
767,1,1.3821539474135516,1,0,intact
768,1,1.8470856423431095,1,0,intact
769,1,2.462207040312423,1,0,intact
770,1,2.044605109413143,1,0,intact
771,1,2.5478076533575633,1,0,intact
772,1,2.344874608742624,1,0,intact
773,1,1.2676301823632652,1,0,intact
774,1,1.012580512193187,0,0,intact
775,1,1.0380982018875426,0,0,intact
776,1,1.085253799132708,1,0,intact
777,1,3.4748612345982712,1,0,intact
778,1,3.2676583267379287,1,0,intact
779,1,2.5461466837402833,1,0,intact
780,1,1.9533227509405793,1,0,intact
781,1,1.7327391192583326,0,0,intact
782,1,1.57960478952287,0,0,intact
783,1,3.3279016009983104,1,0,intact
784,1,1.6132446588285951,0,0,intact
785,1,1.8239520293629705,1,0,intact
786,1,2.7179749692793043,0,0,intact
787,1,1.7071518939689299,1,0,intact
788,1,1.6505820692981261,1,0,intact
789,1,2.729438184754595,0,0,intact
790,1,1.667365948950892,1,0,intact
791,1,1.324078283238877,1,0,intact
792,1,2.439264832417344,0,0,intact
793,1,1.6588412192347701,1,0,intact
794,1,4.748373868494167,1,0,intact
795,1,2.1389143883853374,0,0,intact
796,1,1.5906536841695222,1,0,intact
797,1,0.7013480108605319,1,0,intact
798,1,2.2454493603062886,1,0,intact
799,1,2.5489793502924742,1,0,intact
800,1,1.6075657052765815,0,0,intact
801,1,0.9615176856746168,0,0,intact
802,1,1.5584410408495346,0,0,intact
803,1,3.0038551472588275,0,0,intact
804,1,1.3478102941658465,0,0,intact
805,1,1.8446821709590135,0,0,intact
806,1,1.663324954120335,1,0,intact
807,1,1.7461138259285,1,0,intact
808,1,1.7916782763633083,1,0,intact
809,1,1.752026542804525,1,0,intact
810,1,2.0450690570747176,1,0,intact
811,1,1.0180432405794646,1,0,intact
812,1,2.1236908371894847,1,0,intact
813,1,1.6964821960373904,1,0,intact
814,1,2.2401930434957724,1,0,intact
815,1,0.9595766194762215,0,0,intact
816,1,1.4593016419187523,1,0,intact
817,1,2.09556752052558,1,0,intact
818,1,1.461233376351545,0,0,intact
819,1,2.0148255114705433,0,0,intact
820,1,1.4057172376324736,0,0,intact
821,1,1.129926651368852,0,0,intact
822,1,2.046841738585029,0,0,intact
823,1,2.554678270857559,1,0,intact
824,1,1.905682123730125,0,0,intact
825,1,1.8800522784864142,0,0,intact
826,1,1.1367005759168358,1,0,intact
827,1,2.29403774390267,0,0,intact
828,1,1.6181135211653848,0,0,intact
829,1,1.6861397421368094,1,0,intact
830,1,1.5466470512474684,0,0,intact
831,1,1.781246338936067,1,0,intact
832,1,2.574900848930652,1,0,intact
833,1,1.651993671183837,1,0,intact
834,1,1.8419475470329632,1,0,intact
835,1,1.3043301135748984,1,0,intact
836,1,2.530510682352924,0,0,intact
837,1,2.7403668214697863,0,0,intact
838,1,1.6608475172992048,0,0,intact
839,1,2.828103830791096,1,0,intact
840,1,1.868374028859142,0,0,intact
841,1,1.8567749878797455,0,0,intact
842,1,1.5216919668129487,0,0,intact
843,1,2.765763917975317,0,0,intact
844,1,2.9047764349390355,0,0,intact
845,1,1.2508238849359286,0,0,intact
846,1,1.4182156669466157,1,0,intact
847,1,1.748595844846538,1,0,intact
848,1,0.9174167165691908,0,0,intact
849,1,1.5852587773285456,0,0,intact
850,1,2.973900061610862,0,0,intact
851,1,2.0260169296108694,0,0,intact
852,1,2.0609231956743645,0,0,intact
853,1,1.8484022585875197,1,0,intact
854,1,2.2361240027347455,1,0,intact
855,1,0.9416177350108945,1,0,intact
856,1,2.487848795265918,0,0,intact
857,1,1.5685568044525622,0,0,intact
858,1,2.214207930675591,0,0,intact
859,1,1.4630571690202236,1,0,intact
860,1,2.723823713248027,1,0,intact
861,1,1.2995249949648306,1,0,intact
862,1,1.9332121317371953,1,0,intact
863,1,2.1883675339613258,1,0,intact
864,1,2.2196767529445958,1,0,intact
865,1,1.384812746199616,0,0,intact
866,1,1.5595108564444862,0,0,intact
867,1,1.2153382830092805,1,0,intact
868,1,1.9891869502042723,1,0,intact
869,1,1.7523630464807325,1,0,intact
870,1,2.2531124736896904,0,0,intact
871,1,0.9290886842755236,0,0,intact
872,1,2.5991415573398946,0,0,intact
873,1,3.6682781067096184,0,0,intact
874,1,3.966057164111308,0,0,intact
875,1,0.9105627970549325,1,0,intact
876,1,1.278032865522796,1,0,intact
877,1,1.8466608691249098,0,0,intact
878,1,2.2274871922383546,1,0,intact
879,1,1.5344852317449529,0,0,intact
880,1,1.681728409396816,0,0,intact
881,1,1.3709347066712214,1,0,intact
882,1,1.034755474237787,1,0,intact
883,1,1.1109918324935513,1,0,intact
884,1,3.4955746451165326,1,0,intact
885,1,1.3464602524043203,1,0,intact
886,1,2.9110486423805426,1,0,intact
887,1,1.5306772119985912,1,0,intact
888,1,0.9268829466142308,0,0,intact
889,1,2.9743027526543218,0,0,intact
890,1,2.3800209011927556,0,0,intact
891,1,2.568839397644657,1,0,intact
892,1,2.4235996715628434,1,0,intact
893,1,2.3196470695922926,1,0,intact
894,1,2.390434586039748,1,0,intact
895,1,1.731825289188759,1,0,intact
896,1,3.7909645941851244,1,0,intact
897,1,3.3610181891551285,0,0,intact
898,1,1.5160730932567814,1,0,intact
899,1,1.2717901948255765,0,0,intact
900,1,3.346600881821783,1,0,intact
901,1,2.508802666861641,0,0,intact
902,1,2.061762997918382,1,0,intact
903,1,6.922452035860464,1,0,intact
904,1,2.110138666107524,0,0,intact
905,1,1.6838723171913155,1,0,intact
906,1,1.0043201738957386,1,0,intact
907,1,2.760471338433407,0,0,intact
908,1,2.8067278744990953,1,0,intact
909,1,2.7187666520488643,1,0,intact
910,1,1.349935084576438,1,0,intact
911,1,2.3345289997957974,0,0,intact
912,1,1.6872750117433402,1,0,intact
913,1,0.7838848207069177,0,0,intact
914,1,1.6105279432049129,1,0,intact
915,1,1.8569070780322539,1,0,intact
916,1,1.3490547165740097,1,0,intact
917,1,0.9951906830837359,1,0,intact
918,1,2.17072566921069,1,0,intact
919,1,4.061720477973078,0,0,intact
920,1,0.7896254312668435,1,0,intact
921,1,2.835178343594663,0,0,intact
922,1,1.234374620974496,1,0,intact
923,1,2.351217099641821,0,0,intact
924,1,2.04886670983016,1,0,intact
925,1,2.194001817006988,0,0,intact
926,1,2.1831046511652414,1,0,intact
927,1,1.4636648451137755,0,0,intact
928,1,1.6472489085736637,1,0,intact
929,1,1.1070468206047672,1,0,intact
930,1,1.762455809988315,0,0,intact
931,1,4.228051700219312,0,0,intact
932,1,1.6497784245693656,1,0,intact
933,1,1.5008101832895349,0,0,intact
934,1,1.6148806629367276,1,0,intact
935,1,1.5923743102008152,0,0,intact
936,1,1.8170509588527421,0,0,intact
937,1,1.160456304782036,0,0,intact
938,1,0.890665009451369,1,0,intact
939,1,1.5017793578490362,1,0,intact
940,1,1.6590344975743787,1,0,intact
941,1,1.88014884117987,1,0,intact
942,1,1.0321175870946142,0,0,intact
943,1,2.254136294837985,1,0,intact
944,1,2.520830051818155,1,0,intact
945,1,1.2684269205157184,1,0,intact
946,1,2.4422245353217633,1,0,intact
947,1,1.7794324038405256,0,0,intact
948,1,3.058627160653141,0,0,intact
949,1,1.5251422793656615,0,0,intact
950,1,1.5309065669821802,0,0,intact
951,1,1.9583285205511711,1,0,intact
952,1,2.9329967457999744,0,0,intact
953,1,0.9677440954331602,1,0,intact
954,1,3.8320156406481183,0,0,intact
955,1,2.2207323322258907,1,0,intact
956,1,1.6844978169767275,1,0,intact
957,1,2.6597210351268346,0,0,intact
958,1,1.9281165811460195,0,0,intact
959,1,1.9919649231179088,1,0,intact
960,1,2.732137271812058,0,0,intact
961,1,2.7829969850149188,0,0,intact
962,1,1.1417758275853769,0,0,intact
963,1,1.6875066167708712,0,0,intact
964,1,3.2443012584804105,0,0,intact
965,1,1.8423757114514299,1,0,intact
966,1,1.1056420389390365,1,0,intact
967,1,2.4362040207968927,0,0,intact
968,1,3.1358823076320053,0,0,intact
969,1,1.5972712835426364,1,0,intact
970,1,2.113797213499307,0,0,intact
971,1,1.7123998720529048,0,0,intact
972,1,1.6113840388025151,0,0,intact
973,1,1.3887553300251558,0,0,intact
974,1,3.5373406195881065,0,0,intact
975,1,1.8372389066200405,0,0,intact
976,1,2.795383622311916,0,0,intact
977,1,2.455531042784045,1,0,intact
978,1,1.4314775417058698,0,0,intact
979,1,2.115003118089237,1,0,intact
980,1,2.061628958829679,1,0,intact
981,1,3.225806590529656,1,0,intact
982,1,1.304394827083163,0,0,intact
983,1,1.2889880561249876,0,0,intact
984,1,1.9852012167141222,0,0,intact
985,1,2.0743607193041713,1,0,intact
986,1,2.5625026769389234,0,0,intact
987,1,2.6505438788024507,0,0,intact
988,1,1.496668260041781,0,0,intact
989,1,2.9875951186266287,1,0,intact
990,1,1.5178088486290497,0,0,intact
991,1,1.035398327102766,0,0,intact
992,1,1.5088607762470772,0,0,intact
993,1,0.7672022999678887,0,0,intact
994,1,1.8977096534759699,0,0,intact
995,1,1.9753691223793997,0,0,intact
996,1,1.957964089737103,1,0,intact
997,1,2.1117847765029567,1,0,intact
998,1,1.4204258663306526,0,0,intact
999,1,1.4702072854044783,1,0,intact
1000,1,2.9934678550823604,1,0,noise
1001,1,4.9148198179436715,1,0,noise
1002,1,3.4754600380991114,1,0,noise
1003,1,3.5122094745802266,0,0,noise
1004,1,3.0913796874143147,0,0,noise
1005,1,3.7018157111494325,0,0,noise
1006,1,5.381156661523344,1,0,noise
1007,1,3.741313684727936,0,0,noise
1008,1,3.778263037040975,0,0,noise
1009,1,7.001690889670761,1,0,noise
1010,1,3.2465197898353164,0,0,noise
1011,1,3.2471576412776844,1,0,noise
1012,1,4.162839759974844,0,0,noise
1013,1,4.767858696182351,1,0,noise
1014,1,4.226033505766138,1,0,noise
1015,1,3.112428111290517,0,0,noise
1016,1,4.153633285240776,1,0,noise
1017,1,3.506377128964586,0,0,noise
1018,1,3.501968483015307,1,0,noise
1019,1,3.500887364596111,1,0,noise
1020,1,4.939088130612145,0,0,noise
1021,1,3.5140646034917356,1,0,noise
1022,1,6.184531681384242,1,0,noise
1023,1,4.326594462893583,1,0,noise
1024,1,3.8283381762865525,0,0,noise
1025,1,3.718059017678115,0,0,noise
1026,1,4.880634488090164,0,0,noise
1027,1,3.7721941888788906,1,0,noise
1028,1,3.2200075832957875,0,0,noise
1029,1,3.6682658584412033,1,0,noise
1030,1,2.889656205756442,1,0,noise
1031,1,7.583931346534782,1,0,noise
1032,1,3.7927129114206624,1,0,noise
1033,1,4.445607081993958,1,0,noise
1034,1,4.448913072683793,0,0,noise
1035,1,7.154294576199938,1,0,noise
1036,1,3.518391125292898,0,0,noise
1037,1,3.5183618611709964,0,0,noise
1038,1,5.482270046321132,1,0,noise
1039,1,4.059481072563109,0,0,noise
1040,1,3.561291573973208,1,0,noise
1041,1,3.1922597589340436,1,0,noise
1042,1,5.565084188049263,1,0,noise
1043,1,4.5655577186629,1,0,noise
1044,1,3.712445377644096,1,0,noise
1045,1,4.053456873374348,1,0,noise
1046,1,2.9082480447362906,0,0,noise
1047,1,4.0841035839854865,1,0,noise
1048,1,5.556941121194325,0,0,noise
1049,1,3.959632316956653,1,0,noise
1050,1,6.729820323686007,0,0,noise
1051,1,4.342375957346265,0,0,noise
1052,1,4.0289460369401935,1,0,noise
1053,1,4.558815097102194,1,0,noise
1054,1,4.768006375811815,1,0,noise
1055,1,4.7530179987396854,0,0,noise
1056,1,4.759869858407989,0,0,noise
1057,1,3.7277015515820917,0,0,noise
1058,1,5.436908323949998,1,0,noise
1059,1,3.6090272965986814,0,0,noise
1060,1,4.49790516252125,1,0,noise
1061,1,3.9358034980795704,1,0,noise
1062,1,3.894610009376642,1,0,noise
1063,1,4.582342262824467,1,0,noise
1064,1,3.2275136555327135,1,0,noise
1065,1,3.729816922771522,1,0,noise
1066,1,3.422291573232947,1,0,noise
1067,1,5.096904422816115,1,0,noise
1068,1,3.1866796626800764,0,0,noise
1069,1,6.223438601135725,0,0,noise
1070,1,4.400854277835234,1,0,noise
1071,1,4.470599128882581,0,0,noise
1072,1,3.359808025212758,1,0,noise
1073,1,3.886697028915466,1,0,noise
1074,1,3.606524489694608,1,0,noise
1075,1,4.187113564022841,0,0,noise
1076,1,3.1052121671251465,0,0,noise
1077,1,4.47977622872041,1,0,noise
1078,1,4.467576169025897,1,0,noise
1079,1,5.106605727735695,0,0,noise
1080,1,5.722765178012093,0,0,noise
1081,1,3.3348817421964023,1,0,noise
1082,1,3.2133378163503488,1,0,noise
1083,1,4.0403511470505515,1,0,noise
1084,1,4.002340012201756,0,0,noise
1085,1,4.303255255507013,1,0,noise
1086,1,3.542730809711309,1,0,noise
1087,1,4.820750632129378,1,0,noise
1088,1,4.9173049775841555,0,0,noise
1089,1,5.361689428914195,1,0,noise
1090,1,4.911930165988041,1,0,noise
1091,1,4.651474359646113,1,0,noise
1092,1,3.5153091424515073,1,0,noise
1093,1,4.323177959374972,1,0,noise
1094,1,3.0246964153056486,1,0,noise
1095,1,3.4385787405266233,1,0,noise
1096,1,4.667740431568211,1,0,noise
1097,1,3.7236772027980245,0,0,noise
1098,1,4.038015196937725,1,0,noise
1099,1,3.1036284355649633,0,0,noise
1100,1,4.373119263478021,0,0,noise
1101,1,5.006686632720904,1,0,noise
1102,1,4.5633296795632585,0,0,noise
1103,1,4.905283914159304,0,0,noise
1104,1,4.061726940703457,0,0,noise
1105,1,4.052406001819151,0,0,noise
1106,1,3.4026422024288046,0,0,noise
1107,1,12.38621192380177,0,0,noise
1108,1,4.941856385655109,1,0,noise
1109,1,4.73675312460694,0,0,noise
1110,1,7.649326944169549,0,0,noise
1111,1,2.7231949888004463,1,0,noise
1112,1,5.385196922601123,1,0,noise
1113,1,4.66220454072481,0,0,noise
1114,1,4.55563891090147,0,0,noise
1115,1,4.033962509961652,1,0,noise
1116,1,16.160254100489084,0,0,noise
1117,1,3.086936954841964,1,0,noise
1118,1,4.14035152026462,0,0,noise
1119,1,4.96829103189908,1,0,noise
1120,1,3.434060312628789,0,0,noise
1121,1,3.668099523137702,1,0,noise
1122,1,6.523874046505568,0,0,noise
1123,1,4.343780728180901,0,0,noise
1124,1,4.678864128016265,1,0,noise
1125,1,4.164295444712299,1,0,noise
1126,1,3.968451033829992,1,0,noise
1127,1,3.944294662128778,0,0,noise
1128,1,5.285165470216743,1,0,noise
1129,1,3.867015822980099,0,0,noise
1130,1,4.850041289820072,0,0,noise
1131,1,3.8524057087942505,1,0,noise
1132,1,2.9908578964182984,0,0,noise
1133,1,3.397855226112788,1,0,noise
1134,1,5.015755762371737,0,0,noise
1135,1,6.500509660220341,0,0,noise
1136,1,4.995643290116603,1,0,noise
1137,1,4.380746110700466,1,0,noise
1138,1,3.717889727605548,1,0,noise
1139,1,3.570230834256145,1,0,noise
1140,1,4.245199958160187,0,0,noise
1141,1,3.82643962487987,0,0,noise
1142,1,4.556741332280449,0,0,noise
1143,1,3.343329869088093,1,0,noise
1144,1,3.4197564816965214,1,0,noise
1145,1,6.399555423261623,0,0,noise
1146,1,3.518026352677461,0,0,noise
1147,1,3.0680072612578435,0,0,noise
1148,1,4.148538297888781,0,0,noise
1149,1,6.490680926795565,0,0,noise
1150,1,3.3610090260658634,0,0,noise
1151,1,3.8245557096240987,0,0,noise
1152,1,3.7325063477151708,1,0,noise
1153,1,6.46014129116394,0,0,noise
1154,1,4.552117744040332,1,0,noise
1155,1,3.8726859812169416,0,0,noise
1156,1,2.873081028461029,1,0,noise
1157,1,3.6964752615895757,1,0,noise
1158,1,3.2854772933247687,1,0,noise
1159,1,8.53729688655482,0,0,noise
1160,1,5.49908714018186,1,0,noise
1161,1,3.991597570882665,1,0,noise
1162,1,5.607725600563086,1,0,noise
1163,1,2.920871301667173,0,0,noise
1164,1,3.887105419160751,1,0,noise
1165,1,3.2163091221842794,0,0,noise
1166,1,3.2387802079584964,0,0,noise
1167,1,4.7740793869131934,0,0,noise
1168,1,5.145170752438934,1,0,noise
1169,1,4.118479531182043,1,0,noise
1170,1,4.764333840494163,1,0,noise
1171,1,3.550828147015572,0,0,noise
1172,1,5.738181541024512,0,0,noise
1173,1,4.4466568919672484,0,0,noise
1174,1,4.384377792607369,1,0,noise
1175,1,2.555514286667383,0,0,noise
1176,1,2.917992867631529,1,0,noise
1177,1,5.559191211393118,0,0,noise
1178,1,4.021700089814488,1,0,noise
1179,1,4.321046424797418,1,0,noise
1180,1,5.801304237659831,0,0,noise
1181,1,4.824137912092107,0,0,noise
1182,1,4.229215374197004,0,0,noise
1183,1,4.721435280917124,1,0,noise
1184,1,6.570899239386271,1,0,noise
1185,1,4.77211846117402,1,0,noise
1186,1,3.624150982201267,1,0,noise
1187,1,4.5344162801105465,0,0,noise
1188,1,5.233208754323838,0,0,noise
1189,1,5.263641694055542,0,0,noise
1190,1,3.882057343946745,0,0,noise
1191,1,4.557712976101484,1,0,noise
1192,1,4.861389627547119,0,0,noise
1193,1,2.5437257066728067,0,0,noise
1194,1,2.6161175394206078,1,0,noise
1195,1,5.245642485018063,0,0,noise
1196,1,3.6262853132903845,0,0,noise
1197,1,4.910278612301539,1,0,noise
1198,1,3.149814716921125,1,0,noise
1199,1,4.887198018748924,1,0,noise
1200,1,5.781024072088388,1,0,noise
1201,1,4.517137425492287,1,0,noise
1202,1,3.2735242685359625,1,0,noise
1203,1,6.4971104468762855,1,0,noise
1204,1,4.3400172041466085,1,0,noise
1205,1,6.346486188829642,1,0,noise
1206,1,4.7068782689254345,0,0,noise
1207,1,3.8005921440232777,1,0,noise
1208,1,4.09463692326476,0,0,noise
1209,1,4.688599373418633,0,0,noise
1210,1,3.3430453841381955,1,0,noise
1211,1,5.843392829474277,1,0,noise
1212,1,5.044013242661646,1,0,noise
1213,1,3.6773469802684966,1,0,noise
1214,1,4.51292780306717,0,0,noise
1215,1,4.898066923350686,1,0,noise
1216,1,9.480042022419278,1,0,noise
1217,1,4.064881741290359,0,0,noise
1218,1,3.485153344914531,1,0,noise
1219,1,3.679152691981734,0,0,noise
1220,1,4.368824243297369,0,0,noise
1221,1,4.350822589241405,1,0,noise
1222,1,4.195710363812492,1,0,noise
1223,1,4.753874121894279,1,0,noise
1224,1,3.3077825255578435,0,0,noise
1225,1,5.414725924450806,0,0,noise
1226,1,6.705242100641112,0,0,noise
1227,1,4.214395888497204,1,0,noise
1228,1,3.024976569075572,0,0,noise
1229,1,4.538570599686627,1,0,noise
1230,1,4.858934012135459,0,0,noise
1231,1,6.940083147240313,0,0,noise
1232,1,4.733019758022563,1,0,noise
1233,1,5.032733027801032,0,0,noise
1234,1,6.068963353360006,1,0,noise
1235,1,5.035333503356338,1,0,noise
1236,1,4.7965394642228105,0,0,noise
1237,1,3.614261178617206,0,0,noise
1238,1,5.2079511463012755,1,0,noise
1239,1,3.2258433897315912,0,0,noise
1240,1,5.564021107554651,0,0,noise
1241,1,2.985870988375929,0,0,noise
1242,1,4.034188726701277,1,0,noise
1243,1,4.8521112259291765,0,0,noise
1244,1,4.589608917881346,0,0,noise
1245,1,3.636215981041641,0,0,noise
1246,1,3.6622349845528266,1,0,noise
1247,1,4.037306929794582,0,0,noise
1248,1,5.562581277702894,0,0,noise
1249,1,4.3840795913104404,1,0,noise
1250,1,2.869774153800658,1,0,noise
1251,1,4.494688889318087,0,0,noise
1252,1,3.418203915945266,0,0,noise
1253,1,4.2241921970543554,0,0,noise
1254,1,4.264147766305129,0,0,noise
1255,1,3.4672947329988753,1,0,noise
1256,1,4.076943322562327,0,0,noise
1257,1,2.5085417831698544,1,0,noise
1258,1,4.944614652462251,0,0,noise
1259,1,4.935171642831881,1,0,noise
1260,1,4.673402063222113,1,0,noise
1261,1,7.661823919223001,0,0,noise
1262,1,6.390982364278129,0,0,noise
1263,1,5.082946410092837,0,0,noise
1264,1,7.210343655948521,0,0,noise
1265,1,2.863286908622654,1,0,noise
1266,1,3.845430395739984,0,0,noise
1267,1,3.5889169036010378,1,0,noise
1268,1,4.330707903484096,1,0,noise
1269,1,3.9029724273199444,0,0,noise
1270,1,2.6198952730907044,0,0,noise
1271,1,3.3446736789879403,0,0,noise
1272,1,4.678999521766712,0,0,noise
1273,1,4.699998896672993,0,0,noise
1274,1,4.0551865158335145,0,0,noise
1275,1,2.9458022200475145,1,0,noise
1276,1,3.2036842999603397,1,0,noise
1277,1,5.711971508964458,1,0,noise
1278,1,4.471263627166445,0,0,noise
1279,1,4.1725864878692045,1,0,noise
1280,1,4.9105520333381225,0,0,noise
1281,1,5.472555032276615,0,0,noise
1282,1,3.668835913347509,0,0,noise
1283,1,3.3820907622660648,1,0,noise
1284,1,4.798229879369601,0,0,noise
1285,1,3.427672253266981,1,0,noise
1286,1,3.4568782126182556,1,0,noise
1287,1,11.425396348054647,0,0,noise
1288,1,3.5245933197959327,1,0,noise
1289,1,6.037595996061938,0,0,noise
1290,1,4.561927976589609,1,0,noise
1291,1,8.357480562232123,1,0,noise
1292,1,4.538666878359923,1,0,noise
1293,1,3.5364639555245287,1,0,noise
1294,1,4.534479861628228,1,0,noise
1295,1,5.321872711980336,0,0,noise
1296,1,2.950067886102,1,0,noise
1297,1,3.3465233513245267,0,0,noise
1298,1,3.8809271005108603,1,0,noise
1299,1,4.12235599486052,1,0,noise
1300,1,4.224301035587256,0,0,noise
1301,1,6.2535057931730185,1,0,noise
1302,1,12.052949060883982,1,0,noise
1303,1,4.385593329385807,1,0,noise
1304,1,3.6794823663039784,1,0,noise
1305,1,5.081890296891856,0,0,noise
1306,1,3.8128273761192397,0,0,noise
1307,1,4.492009501234123,1,0,noise
1308,1,3.038641403742639,0,0,noise
1309,1,3.841264729711583,1,0,noise
1310,1,3.7624625813379406,0,0,noise
1311,1,7.487586420545988,0,0,noise
1312,1,4.800557453047939,1,0,noise
1313,1,3.185771100434771,1,0,noise
1314,1,2.8004833196203345,1,0,noise
1315,1,4.934300720298097,0,0,noise
1316,1,3.5327173743477145,0,0,noise
1317,1,3.7251230091231866,0,0,noise
1318,1,3.3751672008547744,1,0,noise
1319,1,2.835706413739764,1,0,noise
1320,1,7.774253229640678,1,0,noise
1321,1,2.850633585660021,0,0,noise
1322,1,3.7410748170226125,1,0,noise
1323,1,5.396880705619779,1,0,noise
1324,1,4.044495173446368,1,0,noise
1325,1,5.670775735009194,1,0,noise
1326,1,3.1948786944449328,1,0,noise
1327,1,6.173573243456831,1,0,noise
1328,1,4.6720441688463525,0,0,noise
1329,1,4.981343904633185,0,0,noise
1330,1,3.657266984929017,0,0,noise
1331,1,6.117904523403773,0,0,noise
1332,1,3.2604641792698827,1,0,noise
1333,1,5.213274263321441,0,0,noise
1334,1,3.7981835704079248,0,0,noise
1335,1,3.109629256157283,1,0,noise
1336,1,5.530750777828181,1,0,noise
1337,1,8.188366581379785,0,0,noise
1338,1,4.837584975103608,1,0,noise
1339,1,3.890612930391791,0,0,noise
1340,1,4.069577430641358,0,0,noise
1341,1,6.843371783276643,1,0,noise
1342,1,3.2743110744722435,1,0,noise
1343,1,3.414463876753289,1,0,noise
1344,1,5.009096025725715,0,0,noise
1345,1,4.339930302352792,1,0,noise
1346,1,4.384495563428647,1,0,noise
1347,1,3.109419174924407,0,0,noise
1348,1,3.154656712994638,0,0,noise
1349,1,4.583153410899576,1,0,noise
1350,1,4.653762863531176,0,0,noise
1351,1,5.280197714041287,1,0,noise
1352,1,4.849456519918011,1,0,noise
1353,1,4.038540883933823,0,0,noise
1354,1,3.224787604789297,0,0,noise
1355,1,4.069136674515022,1,0,noise
1356,1,4.713658761313582,0,0,noise
1357,1,4.382394451624016,1,0,noise
1358,1,5.977259215416025,1,0,noise
1359,1,4.573345209502191,1,0,noise
1360,1,2.9261870826259404,1,0,noise
1361,1,4.483880782862862,0,0,noise
1362,1,2.9800853404403957,1,0,noise
1363,1,4.12249267363467,0,0,noise
1364,1,4.036771541801137,0,0,noise
1365,1,2.9227676196272947,1,0,noise
1366,1,3.3395222177775334,1,0,noise
1367,1,3.6757727871970354,1,0,noise
1368,1,6.721110424511985,0,0,noise
1369,1,4.348052234922802,0,0,noise
1370,1,4.411801798492333,0,0,noise
1371,1,3.050788738717606,0,0,noise
1372,1,3.677112146513286,1,0,noise
1373,1,3.3532803007097027,1,0,noise
1374,1,3.495764422087626,1,0,noise
1375,1,4.440279454046436,0,0,noise
1376,1,7.622029775885451,0,0,noise
1377,1,4.187050087463367,0,0,noise
1378,1,3.9015667882701526,0,0,noise
1379,1,6.791921476985663,1,0,noise
1380,1,3.5058997928106037,0,0,noise
1381,1,3.9261174474378135,0,0,noise
1382,1,3.932499362317232,1,0,noise
1383,1,2.8404546042780927,1,0,noise
1384,1,4.213871878789959,0,0,noise
1385,1,4.261353540698549,0,0,noise
1386,1,3.1750750932236342,0,0,noise
1387,1,3.456732593283349,0,0,noise
1388,1,4.384432843418176,0,0,noise
1389,1,6.94069855222895,0,0,noise
1390,1,5.625150393188189,0,0,noise
1391,1,5.742389656262802,1,0,noise
1392,1,6.826791407426679,1,0,noise
1393,1,3.7268474428322587,0,0,noise
1394,1,4.923164594055438,1,0,noise
1395,1,3.8076714114353822,0,0,noise
1396,1,3.3466193494428893,0,0,noise
1397,1,3.989538663545995,1,0,noise
1398,1,3.2868223387159716,1,0,noise
1399,1,3.3574334522767506,0,0,noise
1400,1,3.7090524899120676,1,0,noise
1401,1,3.9641588773020198,1,0,noise
1402,1,3.9763392214718487,0,0,noise
1403,1,3.9809514415479175,1,0,noise
1404,1,5.43589092998551,0,0,noise
1405,1,3.6128266368858197,0,0,noise
1406,1,3.6195993288907276,0,0,noise
1407,1,4.5475605079565256,0,0,noise
1408,1,10.05385809849005,1,0,noise
1409,1,5.558082349022141,1,0,noise
1410,1,3.468684726886353,1,0,noise
1411,1,4.150369612775303,0,0,noise
1412,1,3.7437655533203325,1,0,noise
1413,1,3.971333173360998,1,0,noise
1414,1,3.4821315027454425,0,0,noise
1415,1,4.8846918988227745,0,0,noise
1416,1,2.9706014781512633,0,0,noise
1417,1,4.386758334394903,0,0,noise
1418,1,4.2269822171314,1,0,noise
1419,1,6.959922120360757,1,0,noise
1420,1,3.9664289464075235,1,0,noise
1421,1,4.008056188958771,1,0,noise
1422,1,7.54873697277618,1,0,noise
1423,1,3.565523705725301,0,0,noise
1424,1,6.377371419785345,1,0,noise
1425,1,4.018309629918753,1,0,noise
1426,1,4.729659095591018,1,0,noise
1427,1,4.418237536566364,0,0,noise
1428,1,4.332500913888017,0,0,noise
1429,1,5.407890901841033,0,0,noise
1430,1,3.2458474192012137,1,0,noise
1431,1,4.198032696157841,1,0,noise
1432,1,4.277658456837385,0,0,noise
1433,1,4.956709078645018,0,0,noise
1434,1,7.683474130827789,1,0,noise
1435,1,6.08330503285836,1,0,noise
1436,1,5.140463662160864,0,0,noise
1437,1,5.4746183481078035,0,0,noise
1438,1,4.331584114836184,0,0,noise
1439,1,3.600940656338317,1,0,noise
1440,1,4.138798446379571,0,0,noise
1441,1,6.22657688092489,0,0,noise
1442,1,4.001177795118504,1,0,noise
1443,1,3.6219292298263595,0,0,noise
1444,1,5.161964692603283,0,0,noise
1445,1,4.985167092425806,0,0,noise
1446,1,3.303857857450166,1,0,noise
1447,1,6.051618824664975,1,0,noise
1448,1,4.5184177429085945,1,0,noise
1449,1,4.434021647160758,0,0,noise
1450,1,4.308350822900765,0,0,noise
1451,1,4.267867616161848,0,0,noise
1452,1,3.0726232313409607,1,0,noise
1453,1,4.226513002399663,1,0,noise
1454,1,3.3621726045857185,0,0,noise
1455,1,3.82112845526507,0,0,noise
1456,1,4.658364636177544,0,0,noise
1457,1,2.8188880576343784,1,0,noise
1458,1,4.385869540499433,1,0,noise
1459,1,5.084355584523136,1,0,noise
1460,1,7.713601340718636,1,0,noise
1461,1,4.621158005635479,1,0,noise
1462,1,3.9026610676281877,0,0,noise
1463,1,4.2884670739899455,0,0,noise
1464,1,2.6267160905258087,0,0,noise
1465,1,4.272527482245685,1,0,noise
1466,1,4.484054334414141,1,0,noise
1467,1,6.152819989271557,0,0,noise
1468,1,3.5131868180930477,1,0,noise
1469,1,3.7803667652560837,1,0,noise
1470,1,4.843659328754732,1,0,noise
1471,1,5.709473833433839,1,0,noise
1472,1,4.402344353708948,1,0,noise
1473,1,5.498224605511175,1,0,noise
1474,1,3.2231707176807767,0,0,noise
1475,1,4.5284451953667775,1,0,noise
1476,1,3.741888132669863,0,0,noise
1477,1,6.309901368999396,0,0,noise
1478,1,4.126310541716215,0,0,noise
1479,1,3.2979003131901066,1,0,noise
1480,1,4.301372214185951,1,0,noise
1481,1,4.666004032666324,1,0,noise
1482,1,3.389808839865105,0,0,noise
1483,1,4.487705119020438,1,0,noise
1484,1,4.108449002345213,0,0,noise
1485,1,2.904575333186352,0,0,noise
1486,1,4.4333317267899925,1,0,noise
1487,1,3.7067171196889324,1,0,noise
1488,1,3.8812926647623143,0,0,noise
1489,1,3.1479165126647652,1,0,noise
1490,1,5.605960868973984,1,0,noise
1491,1,4.421230793291149,1,0,noise
1492,1,4.592032596781883,1,0,noise
1493,1,4.077319774079333,1,0,noise
1494,1,2.788305505600103,1,0,noise
1495,1,3.9652499756214294,0,0,noise
1496,1,3.824593098678713,0,0,noise
1497,1,5.262130031849693,0,0,noise
1498,1,5.752363875474394,1,0,noise
1499,1,3.173422574398432,0,0,noise
1500,1,4.356712349916053,0,0,noise
1501,1,3.678541038862206,0,0,noise
1502,1,5.0921065761400515,0,0,noise
1503,1,4.161723483265939,0,0,noise
1504,1,5.230192290852004,0,0,noise
1505,1,3.6214461151905097,1,0,noise
1506,1,4.527624168318026,0,0,noise
1507,1,3.9522628785393934,1,0,noise
1508,1,4.407716286922167,0,0,noise
1509,1,5.5706303709712905,1,0,noise
1510,1,3.2827878697846686,0,0,noise
1511,1,3.728277955217161,1,0,noise
1512,1,3.729942363807819,1,0,noise
1513,1,4.654286061686417,0,0,noise
1514,1,4.286992913152866,1,0,noise
1515,1,5.67204571994586,0,0,noise
1516,1,5.374348970834178,1,0,noise
1517,1,3.9734904876625485,1,0,noise
1518,1,5.345145353706718,1,0,noise
1519,1,3.035298806539979,0,0,noise
1520,1,3.0846920634808392,0,0,noise
1521,1,3.6046277781630773,1,0,noise
1522,1,3.643820489779632,1,0,noise
1523,1,3.0970084374578026,0,0,noise
1524,1,6.357053695248685,0,0,noise
1525,1,5.072308470863361,0,0,noise
1526,1,4.060178809923215,0,0,noise
1527,1,4.7818337679028,0,0,noise
1528,1,8.311803132758255,1,0,noise
1529,1,4.779814018500904,1,0,noise
1530,1,14.189004102021684,1,0,noise
1531,1,2.970513760316615,0,0,noise
1532,1,3.891604895179485,1,0,noise
1533,1,11.571387214100943,1,0,noise
1534,1,4.790082585819386,0,0,noise
1535,1,4.346073687242725,0,0,noise
1536,1,8.056362610852602,1,0,noise
1537,1,5.256582570374428,0,0,noise
1538,1,4.252207057228173,1,0,noise
1539,1,3.5736779572896027,0,0,noise
1540,1,3.678936373679756,0,0,noise
1541,1,3.9665634039082174,1,0,noise
1542,1,5.004000073195689,0,0,noise
1543,1,5.516161126547577,1,0,noise
1544,1,3.1131175809440492,0,0,noise
1545,1,2.903063330658358,1,0,noise
1546,1,5.644053503837249,1,0,noise
1547,1,3.815943626478849,1,0,noise
1548,1,4.859723483022853,1,0,noise
1549,1,4.924724042422099,1,0,noise
1550,1,4.683921131366324,0,0,noise
1551,1,3.502591058588114,1,0,noise
1552,1,2.843337415285837,0,0,noise
1553,1,3.4276625164107317,1,0,noise
1554,1,3.4284703583484943,1,0,noise
1555,1,3.7275000343055043,0,0,noise
1556,1,3.4698237013582927,0,0,noise
1557,1,4.143622391955517,1,0,noise
1558,1,3.915994501305964,0,0,noise
1559,1,5.4351427551418885,1,0,noise
1560,1,3.4845010777326904,1,0,noise
1561,1,3.732656005490841,1,0,noise
1562,1,3.4791789400691306,0,0,noise
1563,1,6.675932514768164,1,0,noise
1564,1,2.932134808114952,0,0,noise
1565,1,10.392064556712258,1,0,noise
1566,1,5.704851651606239,1,0,noise
1567,1,6.194298202274758,1,0,noise
1568,1,3.312687224535279,0,0,noise
1569,1,2.9129834404506334,1,0,noise
1570,1,4.203727781684738,0,0,noise
1571,1,5.359622620209177,0,0,noise
1572,1,3.5569173954655,1,0,noise
1573,1,5.7754660309264985,1,0,noise
1574,1,4.073039452859893,0,0,noise
1575,1,4.0395250122338755,1,0,noise
1576,1,3.9473430780253307,0,0,noise
1577,1,5.1338072372941275,1,0,noise
1578,1,4.242455403134056,1,0,noise
1579,1,3.5516638961029785,0,0,noise
1580,1,2.789196500504415,1,0,noise
1581,1,4.11919609405431,0,0,noise
1582,1,3.7964081993838117,0,0,noise
1583,1,3.6826577544841688,1,0,noise
1584,1,3.52429058757383,1,0,noise
1585,1,4.680462727733646,1,0,noise
1586,1,3.694370432929167,0,0,noise
1587,1,5.374125860165139,0,0,noise
1588,1,4.828327681279627,0,0,noise
1589,1,5.419136768991316,0,0,noise
1590,1,3.8764061250099755,0,0,noise
1591,1,4.738490677307746,1,0,noise
1592,1,3.4355606122023654,1,0,noise
1593,1,4.794197800546927,1,0,noise
1594,1,3.250948722109269,1,0,noise
1595,1,4.758204478093074,1,0,noise
1596,1,4.990753155958066,0,0,noise
1597,1,4.017119102775602,1,0,noise
1598,1,4.734692095572076,1,0,noise
1599,1,3.566355531910289,1,0,noise
1600,1,4.220887791246947,1,0,noise
1601,1,4.043389139258506,1,0,noise
1602,1,3.0250577136208925,1,0,noise
1603,1,4.637457101563736,0,0,noise
1604,1,4.039281869595045,0,0,noise
1605,1,3.6309252742359193,0,0,noise
1606,1,3.5722425961144086,1,0,noise
1607,1,3.6925408050955353,0,0,noise
1608,1,5.437311396083345,1,0,noise
1609,1,4.68134008293336,0,0,noise
1610,1,2.800628461743118,0,0,noise
1611,1,4.7109644645602184,0,0,noise
1612,1,4.05754579637988,0,0,noise
1613,1,4.978488779778653,0,0,noise
1614,1,3.7673821689252858,0,0,noise
1615,1,4.823448617076226,0,0,noise
1616,1,2.8747188473126712,1,0,noise
1617,1,5.143568830299676,0,0,noise
1618,1,3.6338586199480623,1,0,noise
1619,1,4.8650693546603865,1,0,noise
1620,1,3.7483118473913994,1,0,noise
1621,1,4.2376921064628785,0,0,noise
1622,1,5.104845902281087,1,0,noise
1623,1,6.026468739074459,0,0,noise
1624,1,2.8172261491479444,1,0,noise
1625,1,4.4210192527686045,0,0,noise
1626,1,3.8482748813872107,1,0,noise
1627,1,5.06599505575409,1,0,noise
1628,1,8.028498302828009,1,0,noise
1629,1,2.8829601186271856,0,0,noise
1630,1,5.341411752027047,0,0,noise
1631,1,4.631458308200488,0,0,noise
1632,1,4.127798116711489,0,0,noise
1633,1,3.555678691750205,0,0,noise
1634,1,8.673157959542667,0,0,noise
1635,1,4.160375111972332,0,0,noise
1636,1,4.24491267813957,0,0,noise
1637,1,4.118091473586633,1,0,noise
1638,1,3.5048186665810315,1,0,noise
1639,1,5.2536925804707035,0,0,noise
1640,1,4.010095902785161,1,0,noise
1641,1,3.711583813281828,0,0,noise
1642,1,5.460571413611083,1,0,noise
1643,1,7.410215403268141,1,0,noise
1644,1,5.009873491933337,0,0,noise
1645,1,6.014019047049153,1,0,noise
1646,1,5.097702578423828,0,0,noise
1647,1,3.0608761536044984,1,0,noise
1648,1,3.933256753006017,1,0,noise
1649,1,3.9881662186611737,1,0,noise
1650,1,3.410985373618735,1,0,noise
1651,1,10.350915764924775,0,0,noise
1652,1,3.9985283418775155,1,0,noise
1653,1,4.005040342285929,0,0,noise
1654,1,3.229467830555796,1,0,noise
1655,1,4.88517706776915,1,0,noise
1656,1,4.491182544766516,0,0,noise
1657,1,3.2612605238663055,0,0,noise
1658,1,4.392158600886569,1,0,noise
1659,1,3.0940422741338383,1,0,noise
1660,1,6.048434331978532,0,0,noise
1661,1,2.965961645220209,0,0,noise
1662,1,3.342361920394682,0,0,noise
1663,1,5.6348159575026475,0,0,noise
1664,1,5.789665651601679,1,0,noise
1665,1,5.217206224057574,0,0,noise
1666,1,4.968142777481865,0,0,noise
1667,1,3.358646612545668,0,0,noise
1668,1,2.7906142234444014,0,0,noise
1669,1,4.538182196829755,0,0,noise
1670,1,3.670752227968736,1,0,noise
1671,1,7.916057517088921,0,0,noise
1672,1,3.497081095678213,0,0,noise
1673,1,3.7805105933961136,1,0,noise
1674,1,5.495943372849677,1,0,noise
1675,1,3.5896680647886012,1,0,noise
1676,1,5.7739154878160495,1,0,noise
1677,1,4.332110945235435,1,0,noise
1678,1,7.640559034065569,1,0,noise
1679,1,4.932305487758991,0,0,noise
1680,1,4.883621198640303,1,0,noise
1681,1,7.556722043003014,0,0,noise
1682,1,3.8158688694886247,1,0,noise
1683,1,3.964012938039495,0,0,noise
1684,1,3.7557203137166244,0,0,noise
1685,1,5.129533040423765,1,0,noise
1686,1,3.842606499249593,0,0,noise
1687,1,3.388598805523314,1,0,noise
1688,1,4.2915229203111345,0,0,noise
1689,1,3.2075513684712407,1,0,noise
1690,1,3.787443686701688,0,0,noise
1691,1,5.104286463687684,1,0,noise
1692,1,7.825165134645554,0,0,noise
1693,1,3.5197226414616223,1,0,noise
1694,1,6.7563388218839995,0,0,noise
1695,1,7.5464361839955885,1,0,noise
1696,1,6.841872674886114,1,0,noise
1697,1,3.729703260814688,1,0,noise
1698,1,4.244306775026101,0,0,noise
1699,1,3.9166331078649756,0,0,noise
1700,1,3.7082891697466858,0,0,noise
1701,1,2.5983628650998747,0,0,noise
1702,1,6.264025340100324,1,0,noise
1703,1,3.266746819099932,1,0,noise
1704,1,4.352408542085508,0,0,noise
1705,1,3.6014926232324918,1,0,noise
1706,1,2.84203929849369,0,0,noise
1707,1,5.189731761473015,0,0,noise
1708,1,2.2929395146362657,1,0,noise
1709,1,3.6053681676836797,1,0,noise
1710,1,3.5237214437174,0,0,noise
1711,1,3.8304755541837965,1,0,noise
1712,1,4.789599446603427,1,0,noise
1713,1,3.3271780281765797,0,0,noise
1714,1,3.8775982917524283,0,0,noise
1715,1,4.147145316635827,1,0,noise
1716,1,4.526439813133985,0,0,noise
1717,1,4.840957727137016,0,0,noise
1718,1,3.2384150816064396,1,0,noise
1719,1,5.561090631142221,0,0,noise
1720,1,2.732862019716434,0,0,noise
1721,1,4.882282831246091,1,0,noise
1722,1,4.274374514932809,1,0,noise
1723,1,5.373132687398372,1,0,noise
1724,1,4.123921432316235,1,0,noise
1725,1,4.117220378791698,1,0,noise
1726,1,4.5639157582961225,1,0,noise
1727,1,4.39329863996959,1,0,noise
1728,1,4.1600362201801175,0,0,noise
1729,1,5.07477831025724,0,0,noise
1730,1,5.058000125328895,0,0,noise
1731,1,4.408090558272175,0,0,noise
1732,1,3.951432811638247,1,0,noise
1733,1,3.0192181311816384,1,0,noise
1734,1,3.8891722645435594,1,0,noise
1735,1,3.40033171877734,0,0,noise
1736,1,4.15205954597673,0,0,noise
1737,1,4.461963646500448,1,0,noise
1738,1,4.8449764734589476,0,0,noise
1739,1,7.031072418681415,0,0,noise
1740,1,6.467795878371681,0,0,noise
1741,1,3.4799580963080845,0,0,noise
1742,1,4.2056761852729405,1,0,noise
1743,1,5.564361250972084,1,0,noise
1744,1,3.968520925098845,1,0,noise
1745,1,3.5898442576386227,0,0,noise
1746,1,3.8331975615880873,1,0,noise
1747,1,4.461890963273587,1,0,noise
1748,1,3.898290488524099,0,0,noise
1749,1,3.1698683950528794,0,0,noise
1750,1,8.013109457366475,1,0,noise
1751,1,3.5980111262060457,1,0,noise
1752,1,4.484988766970142,0,0,noise
1753,1,3.6766688416139974,1,0,noise
1754,1,5.520175995260263,1,0,noise
1755,1,3.9091269473877976,1,0,noise
1756,1,3.3401507762596143,0,0,noise
1757,1,6.056251063213647,1,0,noise
1758,1,6.996906508901684,0,0,noise
1759,1,8.825085915479377,0,0,noise
1760,1,2.9819831532669703,0,0,noise
1761,1,3.437457681600645,0,0,noise
1762,1,6.038415164356945,0,0,noise
1763,1,4.531918115405966,0,0,noise
1764,1,4.8188106692016355,0,0,noise
1765,1,3.46472991227304,0,0,noise
1766,1,3.7407916108649872,1,0,noise
1767,1,5.134930341185883,0,0,noise
1768,1,3.431379468814371,1,0,noise
1769,1,3.3366056878191612,0,0,noise
1770,1,3.195453529970024,1,0,noise
1771,1,4.392141388624413,0,0,noise
1772,1,3.904242670892506,1,0,noise
1773,1,4.269448989096741,1,0,noise
1774,1,2.8116920309156885,1,0,noise
1775,1,5.545680562092024,1,0,noise
1776,1,8.00753998332873,0,0,noise
1777,1,3.8058403881052634,0,0,noise
1778,1,5.382375046450635,0,0,noise
1779,1,4.902014064838797,0,0,noise
1780,1,3.0034534814685037,0,0,noise
1781,1,3.8616961117869075,0,0,noise
1782,1,2.854786130723993,1,0,noise
1783,1,3.40015759382051,0,0,noise
1784,1,3.2930920462151434,0,0,noise
1785,1,4.488829675344286,1,0,noise
1786,1,5.885023993305123,1,0,noise
1787,1,2.9332282884710894,1,0,noise
1788,1,4.143219134872273,0,0,noise
1789,1,4.15054006609789,0,0,noise
1790,1,3.4658266438895904,1,0,noise
1791,1,7.817229494655447,1,0,noise
1792,1,4.399047377736448,0,0,noise
1793,1,3.9422097070425277,0,0,noise
1794,1,3.8607994058327284,1,0,noise
1795,1,3.6536603693255305,0,0,noise
1796,1,4.054691122363639,1,0,noise
1797,1,4.541385093726127,0,0,noise
1798,1,3.559426943623529,0,0,noise
1799,1,4.290693524153845,1,0,noise
1800,1,5.335667092868552,1,0,noise
1801,1,2.7883212896832354,1,0,noise
1802,1,5.31341088764529,1,0,noise
1803,1,4.172055199939868,0,0,noise
1804,1,6.548598701548633,1,0,noise
1805,1,3.9588351316902104,0,0,noise
1806,1,3.691259992316576,1,0,noise
1807,1,3.76555976061621,0,0,noise
1808,1,4.234422805563984,1,0,noise
1809,1,8.585570886682003,0,0,noise
1810,1,5.576470437878281,1,0,noise
1811,1,6.447404308279573,1,0,noise
1812,1,3.890879744855781,0,0,noise
1813,1,3.616132918950394,0,0,noise
1814,1,3.9759939719172537,0,0,noise
1815,1,3.319413395460455,0,0,noise
1816,1,4.520016392300142,0,0,noise
1817,1,4.3804213612184775,0,0,noise
1818,1,4.314284374032368,1,0,noise
1819,1,6.748222600661516,0,0,noise
1820,1,3.2180448847512313,0,0,noise
1821,1,4.376106347862654,1,0,noise
1822,1,4.808901037989246,0,0,noise
1823,1,3.3184671197926314,0,0,noise
1824,1,3.6322681306099414,1,0,noise
1825,1,3.4986942106594734,0,0,noise
1826,1,4.448132104588119,1,0,noise
1827,1,3.698461044038296,0,0,noise
1828,1,3.3945253452832507,1,0,noise
1829,1,3.7400134149143556,1,0,noise
1830,1,3.7446447556473816,1,0,noise
1831,1,3.8174129666350956,1,0,noise
1832,1,3.478379049444038,0,0,noise
1833,1,4.254071305924454,0,0,noise
1834,1,3.4763744951859894,0,0,noise
1835,1,5.468804425898969,1,0,noise
1836,1,3.7345292815688773,1,0,noise
1837,1,5.7160482444881815,0,0,noise
1838,1,4.933861861882566,0,0,noise
1839,1,5.7601335822287245,1,0,noise
1840,1,4.343315748149136,0,0,noise
1841,1,8.002467582634916,1,0,noise
1842,1,4.6810128220886735,1,0,noise
1843,1,3.694453368854293,0,0,noise
1844,1,5.784272388869318,1,0,noise
1845,1,4.08517522948339,0,0,noise
1846,1,4.730793878750841,1,0,noise
1847,1,3.965354635454267,0,0,noise
1848,1,3.7054444228750403,0,0,noise
1849,1,6.8439831401682065,1,0,noise
1850,1,5.834623926826139,0,0,noise
1851,1,4.190456621856599,0,0,noise
1852,1,2.995355546211984,0,0,noise
1853,1,5.2195696297028755,0,0,noise
1854,1,4.137586512521105,1,0,noise
1855,1,3.9020988407513593,0,0,noise
1856,1,4.223085462446754,1,0,noise
1857,1,6.059137102146343,1,0,noise
1858,1,5.980599425322934,1,0,noise
1859,1,3.893672484177845,1,0,noise
1860,1,5.2374935238382445,0,0,noise
1861,1,4.44504973679037,1,0,noise
1862,1,3.9770200392452346,0,0,noise
1863,1,4.163393644191055,0,0,noise
1864,1,5.266356878151078,0,0,noise
1865,1,4.513884194652984,0,0,noise
1866,1,4.575918647214772,1,0,noise
1867,1,5.833592488452388,0,0,noise
1868,1,3.8068472571324787,1,0,noise
1869,1,2.794612841465994,1,0,noise
1870,1,3.6846091664479035,1,0,noise
1871,1,6.416174931423874,0,0,noise
1872,1,5.031688152009645,0,0,noise
1873,1,4.878840699319101,1,0,noise
1874,1,4.452988986533421,0,0,noise
1875,1,5.8960077772646535,1,0,noise
1876,1,4.666413486735694,1,0,noise
1877,1,4.478883688875941,1,0,noise
1878,1,2.776608280916185,1,0,noise
1879,1,3.211255656853571,0,0,noise
1880,1,5.134975283469629,1,0,noise
1881,1,3.663607060019589,1,0,noise
1882,1,4.448793695692834,0,0,noise
1883,1,4.060415354016885,1,0,noise
1884,1,4.8734333950628725,0,0,noise
1885,1,3.796277953566934,1,0,noise
1886,1,5.708500513639141,1,0,noise
1887,1,3.6509115614094916,0,0,noise
1888,1,5.266690728368419,0,0,noise
1889,1,4.5632630484359336,1,0,noise
1890,1,3.808801799136344,1,0,noise
1891,1,2.652534586159066,1,0,noise
1892,1,7.485507514306554,0,0,noise
1893,1,5.082344582693275,0,0,noise
1894,1,3.753102031462246,1,0,noise
1895,1,4.657733295700945,0,0,noise
1896,1,5.635997185194424,0,0,noise
1897,1,2.157444279647653,1,0,noise
1898,1,3.6690551585046163,1,0,noise
1899,1,6.482907113578965,1,0,noise
1900,1,3.4579199974653103,1,0,noise
1901,1,3.456342591263585,1,0,noise
1902,1,6.198346471086206,0,0,noise
1903,1,2.6646934153994604,0,0,noise
1904,1,4.349000360477904,1,0,noise
1905,1,3.6154215074404616,0,0,noise
1906,1,4.019377894460869,1,0,noise
1907,1,3.7245371985035427,0,0,noise
1908,1,3.7824159938175455,1,0,noise
1909,1,5.73327341391643,0,0,noise
1910,1,7.174850354694867,1,0,noise
1911,1,3.400265974865076,1,0,noise
1912,1,3.1803161467823613,0,0,noise
1913,1,3.1553746059705414,0,0,noise
1914,1,4.100775503408684,0,0,noise
1915,1,13.761815506967979,1,0,noise
1916,1,4.689900611521619,1,0,noise
1917,1,2.5981159022908713,0,0,noise
1918,1,3.672442516189949,0,0,noise
1919,1,4.571514033391296,0,0,noise
1920,1,4.09957142733523,0,0,noise
1921,1,4.040451003257931,0,0,noise
1922,1,6.372155867866171,1,0,noise
1923,1,5.53261117116239,0,0,noise
1924,1,4.997128754240455,0,0,noise
1925,1,3.997994909848828,1,0,noise
1926,1,4.752562486779707,0,0,noise
1927,1,5.653284992596773,1,0,noise
1928,1,3.7828615574012505,1,0,noise
1929,1,3.7416145938258576,1,0,noise
1930,1,4.861690062061525,0,0,noise
1931,1,2.5784027997392056,0,0,noise
1932,1,11.061732838230228,0,0,noise
1933,1,4.068937430985915,0,0,noise
1934,1,4.217392430985125,0,0,noise
1935,1,4.8752375863201145,1,0,noise
1936,1,4.783243467439976,1,0,noise
1937,1,7.091560622699025,1,0,noise
1938,1,3.4982689600898778,0,0,noise
1939,1,5.44415945200858,0,0,noise
1940,1,4.433714253090814,1,0,noise
1941,1,4.070723867032445,1,0,noise
1942,1,10.205359646250306,1,0,noise
1943,1,3.0696157476479096,0,0,noise
1944,1,2.501900859789336,0,0,noise
1945,1,4.529501270740306,0,0,noise
1946,1,4.035836408310155,0,0,noise
1947,1,3.433622604172923,0,0,noise
1948,1,3.3459520572155546,0,0,noise
1949,1,3.5193803051624264,1,0,noise
1950,1,5.278268559457329,0,0,noise
1951,1,5.7582782613512205,1,0,noise
1952,1,3.470926266502736,1,0,noise
1953,1,3.498826282495449,0,0,noise
1954,1,3.6663928180732213,0,0,noise
1955,1,4.6779181910799466,0,0,noise
1956,1,3.8671033503017167,1,0,noise
1957,1,3.2774432103520175,0,0,noise
1958,1,5.033991631618218,1,0,noise
1959,1,4.0562238043508785,0,0,noise
1960,1,5.473176642002246,0,0,noise
1961,1,4.398643156772106,0,0,noise
1962,1,4.156573906521811,0,0,noise
1963,1,2.7149917217672863,1,0,noise
1964,1,4.078690787677436,0,0,noise
1965,1,4.2928270489147975,0,0,noise
1966,1,5.036149374423746,0,0,noise
1967,1,3.0580205686804742,1,0,noise
1968,1,4.7042112444454105,0,0,noise
1969,1,6.667012637449367,0,0,noise
1970,1,3.5828368273881925,0,0,noise
1971,1,3.830037004925187,1,0,noise
1972,1,3.030306198071914,1,0,noise
1973,1,3.7815843908069864,1,0,noise
1974,1,4.18306445004972,0,0,noise
1975,1,3.1356984103548275,0,0,noise
1976,1,3.4422088956223673,1,0,noise
1977,1,7.2596297395112375,1,0,noise
1978,1,7.202635155620164,0,0,noise
1979,1,7.188938944310234,1,0,noise
1980,1,4.816241327456707,1,0,noise
1981,1,4.4499237542865195,1,0,noise
1982,1,4.051018121758077,0,0,noise
1983,1,4.0627550989376555,1,0,noise
1984,1,2.993451270477008,1,0,noise
1985,1,5.568492569055773,1,0,noise
1986,1,4.129785404832936,0,0,noise
1987,1,3.0827137538058036,1,0,noise
1988,1,3.333917900728911,1,0,noise
1989,1,2.7899647529825096,1,0,noise
1990,1,3.128863603347528,0,0,noise
1991,1,4.719096327855064,1,0,noise
1992,1,5.343249773624741,1,0,noise
1993,1,3.182031409393153,1,0,noise
1994,1,4.305762364871368,0,0,noise
1995,1,3.36578445793943,0,0,noise
1996,1,3.3531904909761945,0,0,noise
1997,1,4.652672234659617,0,0,noise
1998,1,4.90653334498508,1,0,noise
1999,1,5.196108423493331,1,0,noise
